{
  "putterker": {
    "severity_class": 0,
    "severity_label": "젙긽",
    "probs": {
      "젙긽": 0.9873,
      "寃쎌쬆": 0.0073,
      "以묒쬆": 0.0054
    },
    "features": {
      "f0_var_hz": 9.1449,
      "f0_var_semitones": 1.084,
      "mean_energy_db": 54.2832,
      "var_energy_db": 20.3886,
      "max_energy_db": 81.8012,
      "ddk_rate": 4.2773,
      "ddk_mean_dur_ms": 99.3103,
      "ddk_regularity_ms": 41.6828,
      "pause_rate": 0.1475,
      "pause_mean_dur_ms": 530.0,
      "pause_regularity_ms": 0.0,
      "intelligibility_score": 43.6303
    }
  },
  "aiiu": {
    "severity_class": 0,
    "severity_label": "젙긽",
    "probs": {
      "젙긽": 0.0,
      "寃쎌쬆": 0.0,
      "以묒쬆": 0.0
    },
    "features": {
      "MPT_아": 5.04,
      "jitter_local_아": 0.00509,
      "jitter_absolute_아": 4e-05,
      "jitter_rap_아": 0.00253,
      "jitter_ppq5_아": 0.00279,
      "jitter_ddp_아": 0.00758,
      "shimmer_local_아": 0.04827,
      "shimmer_dB_아": 0.70288,
      "shimmer_apq3_아": 0.01047,
      "shimmer_apq5_아": 0.0175,
      "shimmer_apq11_아": 0.05338,
      "shimmer_dda_아": 0.0314,
      "hnr_아": 20.2576,
      "nhr_아": 0.00934,
      "spi_아": 1.43945,
      "F1_mean_아": 849.57463,
      "F2_mean_아": 1558.23691,
      "F1_SD_아": 258.02344,
      "F2_SD_아": 479.54782,
      "F0_mean_아": 135.42465,
      "F0_SD_아": 1.99584,
      "F0_min_아": 123.32239,
      "F0_max_아": 139.70818,
      "MFCC_1_아": -394.11665,
      "MFCC_2_아": 88.96613,
      "MFCC_3_아": -35.80436,
      "MFCC_4_아": 3.08163,
      "MFCC_5_아": -39.77115,
      "MFCC_6_아": -6.31897,
      "MFCC_7_아": 6.90807,
      "MFCC_8_아": 3.35314,
      "MFCC_9_아": -6.69688,
      "MFCC_10_아": -4.51659,
      "MFCC_11_아": -2.98173,
      "MFCC_12_아": 15.99986,
      "MFCC_13_아": 2.63338,
      "jitter_local_이": 0.12685,
      "jitter_absolute_이": 0.00101,
      "jitter_rap_이": 0.01463,
      "jitter_ddp_이": 0.04389,
      "shimmer_local_이": 0.15429,
      "shimmer_dB_이": 1.17257,
      "shimmer_apq3_이": 0.09694,
      "shimmer_dda_이": 0.29082,
      "hnr_이": -2.33483,
      "nhr_이": 0.63126,
      "spi_이": 3.71254,
      "F1_mean_이": 590.61171,
      "F2_mean_이": 1863.96968,
      "F1_SD_이": 258.2526,
      "F2_SD_이": 379.47658,
      "F0_mean_이": 121.90822,
      "F0_SD_이": 10.33912,
      "F0_min_이": 109.42814,
      "F0_max_이": 134.74613,
      "MFCC_1_이": -819.76155,
      "MFCC_2_이": 104.41648,
      "MFCC_3_이": 43.24002,
      "MFCC_4_이": 22.86606,
      "MFCC_5_이": 5.73008,
      "MFCC_6_이": 8.34245,
      "MFCC_7_이": -3.24579,
      "MFCC_8_이": 0.60317,
      "MFCC_9_이": -5.96483,
      "MFCC_10_이": 3.69185,
      "MFCC_11_이": -3.42267,
      "MFCC_12_이": 0.0204,
      "MFCC_13_이": -4.62699,
      "MPT_이": 2.28,
      "jitter_local_우": 0.01994,
      "jitter_absolute_우": 0.00017,
      "hnr_우": -1.37637,
      "nhr_우": 0.57857,
      "spi_우": 9.09831,
      "F1_mean_우": 494.92724,
      "F2_mean_우": 2004.84356,
      "F1_SD_우": 317.5417,
      "F2_SD_우": 375.15903,
      "MFCC_1_우": -828.04353,
      "MFCC_2_우": 95.89727,
      "MFCC_3_우": 49.87568,
      "MFCC_4_우": 36.06058,
      "MFCC_5_우": 10.9906,
      "MFCC_6_우": 8.77646,
      "MFCC_7_우": -3.74649,
      "MFCC_8_우": -1.11026,
      "MFCC_9_우": -4.59973,
      "MFCC_10_우": 1.3852,
      "MFCC_11_우": -1.09466,
      "MFCC_12_우": 3.2594,
      "MFCC_13_우": -2.43319,
      "MPT_우": 2.46,
      "VSA": 3613.61752,
      "FCR": 1.71312,
      "VAI": 0.58373,
      "F2이_F2우": 0.92973
    }
  },
  "word": null,
  "scores": [
    0,
    0
  ]
}